,Basilan,Samar,Northern Samar,Leyte,Eastern Samar,Ifugao,Sulu,City of Isabela,Zambales,Rizal,Quezon,Palawan,Oriental Mindoro,Occidental Mindoro,Nueva Ecija,National Capital Region,Marinduque,Laguna,Cavite,Camarines Norte,Bulacan,Batangas,Bataan,Aurora,Surigao del Norte,Tawi-Tawi,Pangasinan,Romblon,Masbate,Lanao del Sur,Maguindanao,Cotabato City,Antique,Tarlac,Pampanga,Mountain Province,Kalinga,Batanes,Quirino,Nueva Vizcaya,La Union,Isabela,Ilocos Sur,Ilocos Norte,Cagayan,Benguet,Apayao,Abra,Sultan Kudarat,South Cotabato,Negros Occidental,Iloilo,Guimaras,Cotabato,Sarangani,Cebu,Capiz,Bohol,Zamboanga Sibugay,Zamboanga del Sur,Zamboanga del Norte,Surigao del Sur,Southern Leyte,Siquijor,Negros Oriental,Misamis Oriental,Misamis Occidental,Lanao del Norte,Dinagat Islands,Davao Oriental,Davao del Sur,Davao del Norte,Compostela Valley,Camiguin,Bukidnon,Biliran,Agusan del Sur,Agusan del Norte,Sorsogon,Catanduanes,Camarines Sur,Albay,Aklan
Basilan,0.5216905715467414,0.03997366966135644,0.03997366966135644,0.039973669661356445,0.0527576412732483,,0.2922865313538087,0.23314602197523523,0.06567206097578543,0.06576057658162801,0.06577368277382967,0.06567206097578543,0.06567206097578543,0.06567206097578543,0.06566197406166593,0.06567206097578543,0.06567206097578543,0.0657577708961476,0.06567206097578544,0.07168282668088433,0.06570797911694899,0.06569465090444704,0.06559978072653155,0.06585511183553608,0.039973669661356445,0.2922865313538087,0.07442140543751581,,0.03997366966135644,,,0.06567206097578543,0.039973669661356445,0.06284212960471063,0.062360572835463625,0.04256221902140971,0.12375146558237056,0.04672202373788175,0.06567206097578544,0.06567206097578546,0.05841372802137261,0.06567206097578544,0.0425622190214097,0.0692316783593275,,0.052532771353670876,0.08227686541145057,,,0.039973669661356445,0.039973669661356445,0.06567206097578546,0.06567206097578543,0.039973669661356445,0.03997366966135644,0.04004677350355628,,0.03997366966135643,0.039973669661356445,0.11709236797940566,0.039973669661356445,,0.04177728353620144,0.039973669661356445,0.03997366966135644,0.04169607928362945,0.03997366966135644,0.039973669661356445,0.03997366966135644,,0.039973669661356445,0.039973669661356445,0.03997366966135644,0.03997366966135644,0.03997366966135645,0.039973669661356445,0.039973669661356445,0.03997366966135644,0.08288753057659447,0.08288683981509196,0.082171947803525,0.08272791634453827,0.06567206097578543
Samar,0.03997366966135644,1.0,1.0,1.0,0.8224060872291685,,0.023,0.023955160383716735,0.6429999999999999,0.6418839133169145,0.6417186583153472,0.6429999999999999,0.6429999999999999,0.643,0.641477330193882,0.643,0.643,0.6419192899962219,0.643,0.5672107027935889,0.6425471108325788,0.6427151652715802,0.632088937229598,0.6406919253396016,1.0,0.023000000000000003,0.12769707395404312,,1.0,,,0.6429999999999999,1.0,0.21580779819575027,0.14311441112246834,0.015,0.039879461585985515,0.148264151087408,0.643,0.643,0.4457579286621568,0.643,0.015000000000000001,0.5351705130067109,,0.28594546457832554,0.14,,,1.0,1.0,0.6429999999999999,0.6429999999999999,1.0,1.0,0.9989844472618531,,1.0,1.0,0.414763342534164,1.0,,0.9749443400778888,1.0,1.0,0.9760724230700693,1.0,1.0,1.0,,1.0,1.0,1.0,1.0,1.0,1.0,1.0,1.0,0.42593142568893605,0.42594013544928655,0.43495415559137496,0.4279439896558561,0.6429999999999999
Northern Samar,0.03997366966135645,1.0,1.0,1.0,0.8224060872291685,,0.023,0.023955160383716735,0.6430000000000001,0.6418839133169144,0.6417186583153472,0.643,0.643,0.643,0.6414773301938821,0.643,0.643,0.641919289996222,0.643,0.5672107027935889,0.6425471108325786,0.6427151652715803,0.6320889372295981,0.6406919253396018,1.0,0.023,0.12769707395404314,,1.0,,,0.643,1.0,0.2158077981957503,0.14311441112246834,0.014999999999999998,0.039879461585985515,0.14826415108740804,0.6429999999999999,0.643,0.44575792866215685,0.643,0.015,0.5351705130067109,,0.28594546457832565,0.14,,,1.0,1.0,0.643,0.6430000000000001,1.0,1.0,0.998984447261853,,1.0,1.0,0.41476334253416397,1.0,,0.9749443400778888,1.0,1.0,0.9760724230700693,1.0,1.0,1.0,,1.0,1.0,1.0,1.0,1.0,1.0,1.0,1.0,0.425931425688936,0.4259401354492866,0.43495415559137496,0.42794398965585606,0.643
Leyte,0.039973669661356445,1.0,1.0,1.0,0.8224060872291684,,0.023,0.023955160383716735,0.6429999999999999,0.6418839133169144,0.6417186583153471,0.643,0.643,0.6429999999999999,0.6414773301938821,0.6429999999999999,0.643,0.641919289996222,0.6429999999999999,0.5672107027935889,0.6425471108325789,0.6427151652715801,0.6320889372295981,0.6406919253396016,1.0,0.023,0.12769707395404312,,1.0,,,0.6429999999999999,1.0,0.21580779819575027,0.14311441112246837,0.015,0.039879461585985515,0.148264151087408,0.643,0.6429999999999999,0.44575792866215685,0.643,0.015,0.5351705130067109,,0.2859454645783256,0.13999999999999999,,,1.0,1.0,0.643,0.6429999999999999,1.0,1.0,0.9989844472618529,,1.0,1.0,0.414763342534164,1.0,,0.9749443400778887,1.0,1.0,0.976072423070069,1.0,1.0,1.0,,1.0,1.0,1.0,1.0,1.0,1.0,1.0,1.0,0.425931425688936,0.4259401354492866,0.43495415559137507,0.4279439896558561,0.643
Eastern Samar,0.0527576412732483,0.8224060872291685,0.8224060872291685,0.8224060872291685,0.821504599406537,,0.05235025449153797,0.05235510299924383,0.8205939127708314,0.8186462777212046,0.8183578982986592,0.8205939127708315,0.8205939127708315,0.8205939127708315,0.8188663234696096,0.8205939127708315,0.8205939127708315,0.8187080120484777,0.8205939127708315,0.6883372575639797,0.8198035952897308,0.820096859890595,0.8082144492578824,0.8165661905751684,0.8224060872291685,0.05235025449153797,0.20017764933565393,,0.8224060872291685,,,0.8205939127708315,0.8224060872291685,0.3359105793014471,0.25343418338632845,0.05330456942115973,0.06672921040404754,0.1625720482217753,0.8205939127708316,0.8205939127708316,0.5796038818827061,0.8205939127708315,0.05330456942115973,0.6783189699754989,,0.38434528215981445,0.15691370597817442,,,0.8224060872291685,0.8224060872291685,0.8205939127708315,0.8205939127708314,0.8224060872291686,0.8224060872291686,0.8224009321626891,,0.8224060872291684,0.8224060872291685,0.36019176912487133,0.8224060872291685,,0.8222789017195113,0.8224060872291684,0.8224060872291686,0.8222846280029433,0.8224060872291686,0.8224060872291686,0.8224060872291685,,0.8224060872291685,0.8224060872291685,0.8224060872291686,0.8224060872291685,0.8224060872291686,0.8224060872291686,0.8224060872291684,0.8224060872291686,0.4417968444893645,0.4418120435189647,0.45754202384472187,0.4453088836356013,0.8205939127708315
Ifugao,,,,,,,,,,,,,,,,,,,,,,,,,,,,,,,,,,,,,,,,,,,,,,,,,,,,,,,,,,,,,,,,,,,,,,,,,,,,,,,,,,,
Sulu,0.2922865313538087,0.023,0.023,0.023,0.052350254491537976,,1.0,0.5458212375426926,0.082,0.08221404402141368,0.08224573676144027,0.08199999999999999,0.08199999999999999,0.082,0.08207110696357073,0.08199999999999999,0.082,0.08220725945277935,0.082,0.09653493371081859,0.08208685545676572,0.08205462583832708,0.08250953433227319,0.08244264445541885,0.023,1.0,0.10037384825447494,,0.023,,,0.082,0.023,0.10194939428715498,0.10534409352246124,0.011,0.08786502954697584,0.06392311321280914,0.082,0.082,0.05970033906849226,0.082,0.011000000000000001,0.08757369117659147,,0.04163236940296356,0.10799999999999998,,,0.023,0.023,0.08199999999999999,0.082,0.022999999999999996,0.023,0.02316783644692065,,0.023,0.022999999999999996,0.038606310865755625,0.022999999999999996,,0.027140851359676643,0.023,0.023,0.02695441747581491,0.022999999999999996,0.022999999999999996,0.023000000000000003,,0.023,0.023,0.023,0.023,0.023000000000000003,0.023,0.023000000000000003,0.023,0.12362958959390269,0.12362791922890395,0.12189920303727055,0.12324361842216457,0.082
City of Isabela,0.23314602197523518,0.023955160383716728,0.02395516038371673,0.023955160383716735,0.05235510299924383,,0.5458212375426926,0.5254560361100987,0.08104483961628327,0.08122237535740663,0.08124866244569665,0.08104483961628327,0.08104483961628327,0.08104483961628327,0.08115458989540747,0.08104483961628327,0.08104483961628327,0.08121674799434019,0.08104483961628327,0.09310063174486563,0.08111688062815398,0.08109014823377154,0.08183128207398613,0.08141198470600784,0.02395516038371674,0.5458212375426926,0.13053000178052174,,0.023955160383716735,,,0.08104483961628327,0.02395516038371673,0.11183579849608938,0.11707535830723244,0.0840697693543302,0.11211906658995648,0.0870499339965406,0.08104483961628328,0.08104483961628327,0.08199490873600271,0.08104483961628325,0.08406976935433022,0.10269221797486353,,0.08276468815498002,0.18202492973804696,,,0.023955160383716735,0.023955160383716735,0.08104483961628327,0.08104483961628327,0.023955160383716735,0.023955160383716735,0.024117562568771546,,0.02395516038371673,0.02395516038371673,0.311605641467087,0.023955160383716735,,0.0279619379408977,0.023955160383716735,0.02395516038371673,0.027781540472630768,0.023955160383716735,0.023955160383716735,0.023955160383716735,,0.02395516038371673,0.023955160383716735,0.023955160383716735,0.02395516038371673,0.023955160383716735,0.023955160383716735,0.023955160383716735,0.02395516038371673,0.11557390514402842,0.11557251968375702,0.11413866085300539,0.11525376689595117,0.08104483961628325
Zambales,0.06567206097578544,0.6429999999999999,0.643,0.6429999999999999,0.8205939127708314,,0.082,0.08104483961628327,1.0,0.9972123314353982,0.9967995712260043,1.0,1.0,1.0,0.9980654001980239,1.0,1.0,0.9973006923649927,1.0,0.810699791909101,0.9988688110749797,0.9992885634865497,0.9861371521322914,0.9942350829258544,0.643,0.08200000000000002,0.2733978190275811,,0.6429999999999999,,,1.0,0.643,0.45723889335981793,0.3648796624406241,0.092,0.09385293499223431,0.1770259436357845,1.0,1.0,0.7148156038618445,1.0,0.092,0.8229281187744398,,0.483749174899872,0.17400000000000002,,,0.6429999999999999,0.643,1.0,1.0,0.643,0.6429999999999999,0.644015552738147,,0.6429999999999999,0.643,0.30506334548383013,0.643,,0.6680556599221111,0.643,0.6430000000000001,0.6669275769299308,0.643,0.643,0.6429999999999999,,0.643,0.643,0.6429999999999999,0.643,0.643,0.643,0.643,0.643,0.4578241545746485,0.4578459090902272,0.480360379490786,0.4628509695970471,1.0
Rizal,0.065760576581628,0.6418839133169145,0.6418839133169144,0.6418839133169143,0.8186462777212046,,0.08221404402141368,0.08122237535740665,0.9972123314353982,0.9944530763846031,0.994044523263547,0.9972123314353982,0.9972123314353982,0.9972123314353982,0.9952841170442939,0.9972123314353981,0.9972123314353981,0.9945405366890211,0.9972123314353982,0.8098415794299383,0.996092672235449,0.9965081462901536,0.9833952397904455,0.9915061736961891,0.6418839133169144,0.08221404402141368,0.2732958697324442,,0.6418839133169144,,,0.9972123314353983,0.6418839133169144,0.45624268195724615,0.36418829529399765,0.09165345253675884,0.0945374729095033,0.1772783997117733,0.9972123314353982,0.9972123314353982,0.7127946419571456,0.9972123314353982,0.09165345253675883,0.8207467903900789,,0.4823494256995289,0.17404077028979306,,,0.6418839133169145,0.6418839133169143,0.9972123314353982,0.9972123314353982,0.6418839133169144,0.6418839133169144,0.6428947109302524,,0.6418839133169143,0.6418839133169144,0.3046997749492207,0.6418839133169145,,0.6668222550677224,0.6418839133169144,0.6418839133169144,0.665699454101006,0.6418839133169144,0.6418839133169145,0.6418839133169144,,0.6418839133169145,0.6418839133169143,0.6418839133169145,0.6418839133169144,0.6418839133169144,0.6418839133169144,0.6418839133169144,0.6418839133169144,0.4605626525942464,0.46058418537534906,0.48286917540521584,0.46553823144034523,0.9972123314353981
Quezon,0.06577368277382967,0.6417186583153472,0.6417186583153472,0.6417186583153471,0.8183578982986593,,0.08224573676144027,0.08124866244569666,0.9967995712260043,0.994044523263547,0.9936365930711583,0.9967995712260042,0.9967995712260044,0.9967995712260044,0.9948723023000678,0.9967995712260043,0.9967995712260043,0.9941318502155855,0.9967995712260043,0.8097145069482587,0.9956816191916038,0.9960964597651627,0.9829892545428693,0.9911021137733717,0.6417186583153472,0.08224573676144026,0.2732807744614559,,0.6417186583153471,,,0.9967995712260043,0.6417186583153472,0.4560951764638216,0.3640859270096781,0.09160214048147766,0.09463883001402351,0.177315779988651,0.9967995712260044,0.9967995712260044,0.7124954052869209,0.9967995712260044,0.09160214048147766,0.8204238088232892,,0.4821421697938701,0.17404680700217906,,,0.6417186583153471,0.6417186583153471,0.9967995712260044,0.9967995712260043,0.6417186583153472,0.6417186583153471,0.6427287518541992,,0.6417186583153471,0.6417186583153472,0.3046459423480642,0.6417186583153472,,0.6666396291801153,0.6417186583153471,0.641718658315347,0.6655176103041982,0.6417186583153471,0.6417186583153471,0.6417186583153474,,0.6417186583153471,0.6417186583153472,0.6417186583153472,0.6417186583153472,0.6417186583153471,0.6417186583153471,0.6417186583153472,0.6417186583153472,0.46096813229522215,0.4609896322448864,0.4832406439291702,0.46593612478219404,0.9967995712260043
Palawan,0.06567206097578542,0.6430000000000001,0.643,0.6430000000000001,0.8205939127708317,,0.08199999999999999,0.08104483961628327,1.0,0.9972123314353982,0.9967995712260042,1.0,1.0,1.0,0.998065400198024,1.0,1.0,0.9973006923649929,1.0,0.810699791909101,0.9988688110749797,0.9992885634865496,0.9861371521322913,0.9942350829258544,0.6430000000000001,0.08199999999999999,0.2733978190275811,,0.643,,,1.0,0.643,0.45723889335981793,0.36487966244062403,0.09199999999999998,0.09385293499223431,0.17702594363578453,1.0,1.0,0.7148156038618446,1.0,0.09199999999999998,0.8229281187744397,,0.48374917489987196,0.174,,,0.6430000000000001,0.6430000000000001,1.0,1.0,0.6430000000000001,0.643,0.644015552738147,,0.643,0.643,0.30506334548383013,0.643,,0.6680556599221114,0.6430000000000001,0.643,0.6669275769299309,0.643,0.643,0.643,,0.643,0.643,0.6430000000000001,0.6430000000000001,0.643,0.643,0.643,0.643,0.4578241545746484,0.4578459090902272,0.4803603794907861,0.4628509695970471,1.0
Oriental Mindoro,0.06567206097578543,0.643,0.6430000000000001,0.643,0.8205939127708315,,0.08199999999999999,0.08104483961628327,1.0,0.9972123314353982,0.9967995712260044,1.0,1.0,1.0,0.998065400198024,1.0,1.0,0.9973006923649927,1.0,0.8106997919091011,0.9988688110749797,0.9992885634865497,0.9861371521322914,0.9942350829258545,0.643,0.082,0.2733978190275811,,0.643,,,1.0,0.6430000000000001,0.457238893359818,0.36487966244062403,0.09200000000000001,0.09385293499223431,0.1770259436357845,1.0,1.0,0.7148156038618446,1.0,0.092,0.8229281187744398,,0.483749174899872,0.174,,,0.643,0.6430000000000001,1.0,1.0,0.6430000000000001,0.643,0.6440155527381471,,0.6430000000000001,0.643,0.30506334548383013,0.643,,0.6680556599221112,0.6430000000000001,0.6430000000000001,0.666927576929931,0.643,0.6430000000000001,0.6430000000000001,,0.6430000000000001,0.643,0.6430000000000001,0.6430000000000001,0.643,0.643,0.643,0.643,0.4578241545746484,0.4578459090902271,0.48036037949078597,0.4628509695970471,1.0
Occidental Mindoro,0.06567206097578543,0.643,0.6429999999999999,0.6429999999999999,0.8205939127708315,,0.08200000000000002,0.08104483961628327,1.0,0.9972123314353982,0.9967995712260044,1.0,1.0,1.0,0.9980654001980241,1.0,1.0,0.9973006923649929,1.0,0.8106997919091011,0.9988688110749796,0.9992885634865496,0.9861371521322913,0.9942350829258544,0.6429999999999999,0.082,0.2733978190275811,,0.6429999999999999,,,1.0,0.6429999999999999,0.45723889335981804,0.36487966244062403,0.09200000000000001,0.09385293499223431,0.1770259436357845,1.0,1.0,0.7148156038618446,1.0,0.092,0.8229281187744398,,0.48374917489987207,0.174,,,0.643,0.643,1.0,1.0,0.6429999999999999,0.643,0.644015552738147,,0.643,0.643,0.3050633454838301,0.6429999999999999,,0.6680556599221111,0.6429999999999999,0.6429999999999999,0.6669275769299309,0.643,0.6429999999999999,0.643,,0.643,0.6429999999999999,0.6429999999999999,0.6429999999999999,0.643,0.6429999999999999,0.643,0.643,0.4578241545746485,0.4578459090902272,0.48036037949078597,0.4628509695970471,1.0
Nueva Ecija,0.06566197406166593,0.6414773301938821,0.6414773301938821,0.6414773301938821,0.8188663234696096,,0.08207110696357073,0.08115458989540746,0.9980654001980239,0.9952841170442939,0.9948723023000678,0.998065400198024,0.998065400198024,0.9980654001980241,0.996140287535196,0.998065400198024,0.9980654001980241,0.9953722755750639,0.9980654001980239,0.8091988016194074,0.9969368023651268,0.9973555932952473,0.9842705347453716,0.9923136881958963,0.641477330193882,0.08207110696357073,0.2735171817399632,,0.6414773301938821,,,0.998065400198024,0.6414773301938821,0.45796595522939165,0.3660596473769834,0.09185043018007537,0.09392925638061246,0.1772795438217822,0.998065400198024,0.998065400198024,0.7134416457972252,0.998065400198024,0.09185043018007537,0.8214523977085466,,0.4828294684911368,0.174205964997929,,,0.6414773301938822,0.6414773301938821,0.998065400198024,0.9980654001980241,0.6414773301938821,0.6414773301938821,0.6424917111207259,,0.6414773301938821,0.6414773301938821,0.3045458971224254,0.641477330193882,,0.6665040792535621,0.6414773301938821,0.641477330193882,0.6653772979174666,0.641477330193882,0.641477330193882,0.6414773301938821,,0.6414773301938821,0.6414773301938821,0.6414773301938821,0.641477330193882,0.6414773301938821,0.6414773301938821,0.641477330193882,0.641477330193882,0.4571314583409623,0.457153163025825,0.47961606196416456,0.46214675898188085,0.998065400198024
National Capital Region,0.06567206097578543,0.6430000000000001,0.643,0.643,0.8205939127708315,,0.082,0.08104483961628327,1.0,0.9972123314353981,0.9967995712260043,1.0,1.0,1.0,0.998065400198024,1.0,1.0,0.9973006923649927,1.0,0.810699791909101,0.9988688110749797,0.9992885634865497,0.9861371521322914,0.9942350829258545,0.6430000000000001,0.082,0.2733978190275811,,0.643,,,1.0,0.6430000000000001,0.45723889335981793,0.36487966244062403,0.09199999999999998,0.09385293499223431,0.17702594363578453,1.0,1.0,0.7148156038618445,1.0,0.09199999999999998,0.8229281187744398,,0.483749174899872,0.174,,,0.6430000000000001,0.643,1.0,1.0,0.643,0.643,0.6440155527381471,,0.6430000000000001,0.6430000000000001,0.30506334548383013,0.643,,0.6680556599221112,0.6430000000000001,0.6430000000000001,0.6669275769299309,0.643,0.6430000000000001,0.643,,0.6430000000000001,0.6430000000000001,0.643,0.643,0.6430000000000001,0.643,0.6430000000000001,0.643,0.45782415457464853,0.45784590909022727,0.480360379490786,0.4628509695970471,1.0
Marinduque,0.06567206097578543,0.6430000000000001,0.643,0.643,0.8205939127708315,,0.082,0.08104483961628328,1.0,0.9972123314353981,0.9967995712260043,1.0,1.0,1.0,0.9980654001980241,1.0,1.0,0.9973006923649929,1.0,0.810699791909101,0.9988688110749797,0.9992885634865497,0.9861371521322914,0.9942350829258544,0.643,0.08200000000000002,0.2733978190275811,,0.643,,,1.0,0.643,0.457238893359818,0.364879662440624,0.092,0.09385293499223432,0.17702594363578453,1.0,1.0,0.7148156038618446,1.0,0.09199999999999998,0.8229281187744399,,0.483749174899872,0.17400000000000002,,,0.643,0.643,1.0,1.0,0.6430000000000001,0.643,0.644015552738147,,0.643,0.643,0.3050633454838301,0.643,,0.6680556599221112,0.643,0.643,0.6669275769299309,0.643,0.643,0.643,,0.643,0.643,0.643,0.643,0.6430000000000001,0.643,0.643,0.6430000000000001,0.4578241545746485,0.4578459090902272,0.48036037949078597,0.4628509695970471,1.0
Laguna,0.06575777089614761,0.6419192899962219,0.641919289996222,0.641919289996222,0.8187080120484777,,0.08220725945277936,0.08121674799434017,0.9973006923649927,0.9945405366890211,0.9941318502155855,0.9973006923649929,0.9973006923649927,0.9973006923649929,0.9953722755750639,0.9973006923649927,0.9973006923649929,0.9946280255406195,0.9973006923649927,0.8098687822521862,0.9961806677065245,0.9965962773726122,0.9834821503817794,0.9915926721269477,0.641919289996222,0.08220725945277933,0.27329910122653356,,0.641919289996222,,,0.9973006923649927,0.6419192899962219,0.45627425894122553,0.3642102096078234,0.09166443707645248,0.0945157750622482,0.17727039759350166,0.9973006923649927,0.9973006923649926,0.7128587005309811,0.9973006923649929,0.09166443707645248,0.8208159321116744,,0.4823937936499057,0.17403947799100558,,,0.641919289996222,0.6419192899962219,0.9973006923649929,0.9973006923649927,0.641919289996222,0.641919289996222,0.6429302383330907,,0.641919289996222,0.641919289996222,0.30471129907042344,0.641919289996222,,0.666861350389485,0.641919289996222,0.641919289996222,0.66573838199803,0.641919289996222,0.641919289996222,0.6419192899962222,,0.641919289996222,0.6419192899962219,0.641919289996222,0.641919289996222,0.6419192899962219,0.641919289996222,0.641919289996222,0.641919289996222,0.4604758502269288,0.46049739003636486,0.4827896539219315,0.4654530531097672,0.9973006923649927
Cavite,0.06567206097578544,0.643,0.643,0.6429999999999999,0.8205939127708315,,0.082,0.08104483961628327,1.0,0.9972123314353982,0.9967995712260043,1.0,1.0,1.0,0.9980654001980239,1.0,1.0,0.9973006923649927,1.0,0.810699791909101,0.9988688110749797,0.9992885634865497,0.9861371521322913,0.9942350829258544,0.643,0.082,0.2733978190275811,,0.6429999999999999,,,1.0,0.6429999999999999,0.457238893359818,0.36487966244062403,0.092,0.09385293499223431,0.17702594363578447,1.0,1.0,0.7148156038618446,1.0,0.092,0.8229281187744397,,0.483749174899872,0.17399999999999996,,,0.643,0.643,1.0,1.0,0.643,0.6429999999999999,0.644015552738147,,0.643,0.643,0.3050633454838301,0.6429999999999999,,0.6680556599221112,0.6430000000000001,0.643,0.666927576929931,0.643,0.643,0.643,,0.6429999999999999,0.6429999999999999,0.643,0.6429999999999999,0.643,0.643,0.643,0.643,0.4578241545746484,0.45784590909022715,0.4803603794907861,0.46285096959704713,1.0
Camarines Norte,0.0716828266808843,0.5672107027935889,0.567210702793589,0.5672107027935889,0.6883372575639797,,0.09653493371081856,0.09310063174486562,0.810699791909101,0.8098415794299383,0.8097145069482587,0.810699791909101,0.8106997919091011,0.8106997919091011,0.8091988016194074,0.810699791909101,0.810699791909101,0.8098687822521862,0.810699791909101,0.7524217731536962,0.8103515437478703,0.8104807688510058,0.7999440790140206,0.8089250028121493,0.567210702793589,0.09653493371081857,0.2664748214269356,,0.5672107027935889,,,0.810699791909101,0.567210702793589,0.38958988077489,0.31793148991198356,0.06846725018248423,0.14033735994525715,0.1941692971625786,0.810699791909101,0.810699791909101,0.5775795945452316,0.810699791909101,0.06846725018248422,0.6748022180423906,,0.38869741076093905,0.17676855880206066,,,0.5672107027935889,0.567210702793589,0.8106997919091011,0.810699791909101,0.5672107027935889,0.5672107027935889,0.5679033526847937,,0.567210702793589,0.5672107027935889,0.28037462217891135,0.567210702793589,,0.5842997218737651,0.567210702793589,0.567210702793589,0.5835303215930574,0.567210702793589,0.567210702793589,0.567210702793589,,0.5672107027935889,0.5672107027935889,0.567210702793589,0.5672107027935889,0.5672107027935889,0.567210702793589,0.567210702793589,0.567210702793589,0.6437853737630114,0.6437920711146925,0.6507233827149509,0.6453329305412617,0.810699791909101
Bulacan,0.065707979116949,0.6425471108325788,0.6425471108325786,0.6425471108325789,0.819803595289731,,0.08208685545676572,0.08111688062815396,0.9988688110749797,0.996092672235449,0.9956816191916038,0.9988688110749797,0.9988688110749797,0.9988688110749796,0.9969368023651268,0.9988688110749797,0.9988688110749797,0.9961806677065245,0.9988688110749797,0.8103515437478703,0.9977423007180912,0.9981603170445453,0.9850245303113699,0.9931277375487242,0.6425471108325788,0.08208685545676574,0.2733564497216898,,0.6425471108325788,,,0.9988688110749795,0.6425471108325789,0.4568346475610606,0.36459911730361694,0.09185937687952216,0.09413070894305611,0.17712838605696718,0.9988688110749798,0.9988688110749796,0.7139955315786785,0.9988688110749797,0.09185937687952216,0.8220429724763635,,0.48318118026330004,0.17401654389652677,,,0.6425471108325786,0.6425471108325788,0.9988688110749795,0.9988688110749797,0.6425471108325788,0.6425471108325789,0.6435607340212127,,0.6425471108325788,0.6425471108325788,0.3049158146878682,0.6425471108325788,,0.6675551650178506,0.6425471108325788,0.6425471108325788,0.6664292253825894,0.6425471108325788,0.6425471108325789,0.6425471108325788,,0.6425471108325786,0.6425471108325788,0.6425471108325789,0.6425471108325788,0.6425471108325786,0.6425471108325788,0.6425471108325788,0.6425471108325786,0.45893539092114066,0.45895705546060567,0.48137840659399894,0.4639414151666417,0.9988688110749797
Batangas,0.06569465090444705,0.6427151652715802,0.6427151652715803,0.6427151652715801,0.820096859890595,,0.08205462583832708,0.08109014823377154,0.9992885634865497,0.9965081462901536,0.9960964597651627,0.9992885634865496,0.9992885634865497,0.9992885634865496,0.9973555932952473,0.9992885634865497,0.9992885634865497,0.9965962773726122,0.9992885634865497,0.8104807688510058,0.9981603170445453,0.9985789775833834,0.985437392992543,0.9935386422899309,0.6427151652715802,0.0820546258383271,0.2733718007081862,,0.6427151652715802,,,0.9992885634865497,0.6427151652715802,0.45698465181334996,0.3647032197176419,0.09191155816651804,0.09402763483832449,0.17709037255419377,0.9992885634865496,0.9992885634865496,0.7142998373501608,0.9992885634865496,0.09191155816651804,0.8223714253855031,,0.4833919471062088,0.17401040492158612,,,0.6427151652715802,0.6427151652715802,0.9992885634865496,0.9992885634865497,0.6427151652715802,0.6427151652715801,0.6437295044617977,,0.6427151652715802,0.6427151652715802,0.3049705592190566,0.6427151652715802,,0.6677408846075631,0.6427151652715802,0.6427151652715803,0.6666141496328003,0.6427151652715801,0.6427151652715802,0.6427151652715802,,0.6427151652715802,0.6427151652715802,0.6427151652715802,0.6427151652715802,0.6427151652715801,0.6427151652715802,0.6427151652715803,0.6427151652715803,0.4585230423505816,0.45854474027765324,0.48100064535344433,0.46353678146894634,0.9992885634865496
Bataan,0.06559978072653155,0.6320889372295981,0.6320889372295981,0.6320889372295982,0.8082144492578823,,0.0825095343322732,0.08183128207398613,0.9861371521322914,0.9833952397904455,0.9829892545428693,0.9861371521322913,0.9861371521322914,0.9861371521322913,0.9842705347453716,0.9861371521322914,0.9861371521322914,0.9834821503817794,0.9861371521322913,0.7999440790140206,0.9850245303113699,0.985437392992543,0.9727614488805605,0.9804668592301741,0.6320889372295982,0.0825095343322732,0.2742531417259192,,0.6320889372295981,,,0.9861371521322913,0.6320889372295982,0.462448832944231,0.3733351329943942,0.09092822088728743,0.09439983456033005,0.1788431777707813,0.9861371521322914,0.9861371521322914,0.7049701714334039,0.9861371521322914,0.09092822088728744,0.8123534786805273,,0.4771587937707968,0.17547589254865337,,,0.632088937229598,0.6320889372295981,0.9861371521322915,0.9861371521322914,0.6320889372295981,0.632088937229598,0.6330960930673586,,0.6320889372295981,0.6320889372295982,0.3013554427402128,0.6320889372295981,,0.6569374292985966,0.6320889372295982,0.6320889372295981,0.6558186736413316,0.6320889372295981,0.6320889372295982,0.6320889372295981,,0.6320889372295982,0.6320889372295981,0.6320889372295981,0.6320889372295982,0.6320889372295981,0.6320889372295981,0.6320889372295982,0.6320889372295982,0.4528604703561764,0.4528818677975773,0.4750267902769938,0.4578047762629509,0.9861371521322913
Aurora,0.06585511183553606,0.6406919253396017,0.6406919253396018,0.6406919253396016,0.8165661905751684,,0.08244264445541886,0.08141198470600786,0.9942350829258544,0.9915061736961891,0.9911021137733717,0.9942350829258544,0.9942350829258545,0.9942350829258544,0.9923136881958963,0.9942350829258545,0.9942350829258544,0.9915926721269477,0.9942350829258544,0.8089250028121493,0.9931277375487242,0.9935386422899309,0.9804668592301741,0.9885916805459386,0.6406919253396018,0.08244264445541885,0.27318698720930296,,0.6406919253396017,,,0.9942350829258544,0.6406919253396018,0.45517872157430855,0.3634499105975604,0.09128333754836947,0.09526856394370825,0.17754802447474094,0.9942350829258546,0.9942350829258544,0.7106362412437272,0.9942350829258545,0.09128333754836947,0.818417117213135,,0.48085448427307104,0.17408431322960358,,,0.6406919253396017,0.6406919253396017,0.9942350829258545,0.9942350829258544,0.6406919253396017,0.6406919253396018,0.6416976444481167,,0.6406919253396017,0.6406919253396017,0.3043114792077453,0.6406919253396016,,0.6655049705056255,0.6406919253396017,0.6406919253396016,0.6643878107771248,0.6406919253396017,0.6406919253396017,0.6406919253396017,,0.6406919253396017,0.6406919253396017,0.6406919253396016,0.6406919253396018,0.6406919253396017,0.6406919253396017,0.6406919253396017,0.6406919253396018,0.4634873866357202,0.46350868260293204,0.48554858607541956,0.4684082449058292,0.9942350829258545
Surigao del Norte,0.039973669661356445,1.0,1.0,1.0,0.8224060872291685,,0.023,0.02395516038371674,0.643,0.6418839133169145,0.6417186583153472,0.6430000000000001,0.643,0.643,0.641477330193882,0.6430000000000001,0.643,0.6419192899962219,0.643,0.567210702793589,0.6425471108325788,0.6427151652715802,0.6320889372295982,0.6406919253396017,1.0,0.023,0.12769707395404312,,1.0,,,0.6430000000000001,1.0,0.21580779819575033,0.14311441112246834,0.015,0.039879461585985515,0.148264151087408,0.643,0.6430000000000001,0.4457579286621568,0.643,0.014999999999999998,0.5351705130067109,,0.2859454645783256,0.14000000000000004,,,1.0,1.0,0.6429999999999999,0.643,1.0,1.0,0.9989844472618531,,1.0,1.0,0.414763342534164,1.0,,0.974944340077889,1.0,1.0,0.9760724230700691,1.0,1.0,1.0,,1.0,1.0,1.0,1.0,1.0,1.0,1.0,1.0,0.42593142568893605,0.42594013544928655,0.434954155591375,0.42794398965585617,0.643
Tawi-Tawi,0.2922865313538087,0.023000000000000003,0.023,0.023,0.052350254491537976,,1.0,0.5458212375426926,0.08200000000000002,0.08221404402141368,0.08224573676144026,0.082,0.08200000000000002,0.082,0.08207110696357073,0.082,0.082,0.08220725945277933,0.082,0.09653493371081857,0.08208685545676574,0.0820546258383271,0.0825095343322732,0.08244264445541885,0.023,1.0,0.10037384825447497,,0.023,,,0.082,0.023,0.10194939428715498,0.10534409352246123,0.010999999999999998,0.08786502954697581,0.06392311321280915,0.08200000000000002,0.08200000000000002,0.05970033906849225,0.082,0.010999999999999998,0.08757369117659149,,0.04163236940296357,0.108,,,0.023,0.023000000000000003,0.082,0.082,0.022999999999999996,0.023,0.02316783644692065,,0.023000000000000003,0.023,0.038606310865755625,0.023,,0.027140851359676647,0.023000000000000003,0.022999999999999996,0.026954417475814903,0.023000000000000003,0.023,0.023,,0.023,0.023,0.023000000000000003,0.022999999999999996,0.023,0.023,0.023,0.023,0.12362958959390266,0.12362791922890393,0.12189920303727055,0.12324361842216458,0.082
Pangasinan,0.07442140543751581,0.12769707395404314,0.12769707395404314,0.12769707395404314,0.20017764933565396,,0.10037384825447496,0.13053000178052174,0.2733978190275811,0.2732958697324442,0.2732807744614559,0.2733978190275811,0.2733978190275811,0.2733978190275811,0.2735171817399632,0.2733978190275811,0.2733978190275811,0.27329910122653356,0.2733978190275811,0.26647482142693557,0.2733564497216898,0.27337180070818623,0.27425314172591914,0.27318698720930296,0.12769707395404312,0.10037384825447497,0.760475475742233,,0.12769707395404312,,,0.27339781902758103,0.12769707395404314,0.30688559143297567,0.3125840559447478,0.07112062698355119,0.13383870831521705,0.42380634414166984,0.2733978190275811,0.2733978190275811,0.209866652876041,0.2733978190275811,0.07112062698355118,0.26766600632032506,,0.15839146738477553,0.24666021809724195,,,0.12769707395404312,0.12769707395404314,0.27339781902758103,0.2733978190275811,0.12769707395404312,0.12769707395404314,0.12811154675687084,,0.12769707395404312,0.12769707395404314,0.14919801935378724,0.12769707395404314,,0.13792292358698655,0.12769707395404314,0.12769707395404314,0.137462524336383,0.12769707395404314,0.12769707395404314,0.12769707395404314,,0.12769707395404312,0.12769707395404314,0.12769707395404312,0.12769707395404314,0.12769707395404312,0.12769707395404314,0.12769707395404314,0.12769707395404314,0.25356962066022765,0.25357041625607335,0.2543938048098146,0.253753458959667,0.2733978190275811
Romblon,,,,,,,,,,,,,,,,,,,,,,,,,,,,,,,,,,,,,,,,,,,,,,,,,,,,,,,,,,,,,,,,,,,,,,,,,,,,,,,,,,,
Masbate,0.03997366966135644,1.0,1.0,1.0,0.8224060872291685,,0.023000000000000003,0.023955160383716735,0.643,0.6418839133169144,0.6417186583153471,0.643,0.643,0.6430000000000001,0.6414773301938821,0.643,0.643,0.6419192899962219,0.643,0.5672107027935889,0.6425471108325788,0.6427151652715803,0.6320889372295981,0.6406919253396017,1.0,0.023,0.12769707395404312,,1.0,,,0.643,1.0,0.21580779819575036,0.14311441112246834,0.015000000000000001,0.039879461585985515,0.14826415108740798,0.643,0.643,0.44575792866215685,0.6429999999999999,0.015000000000000001,0.535170513006711,,0.2859454645783256,0.14,,,1.0,1.0,0.6430000000000001,0.643,1.0,1.0,0.998984447261853,,1.0,1.0,0.414763342534164,1.0,,0.9749443400778888,1.0,1.0,0.976072423070069,1.0,1.0,1.0,,1.0,1.0,1.0,1.0,1.0,1.0,1.0,1.0,0.42593142568893605,0.42594013544928655,0.43495415559137507,0.4279439896558561,0.6430000000000001
Lanao del Sur,,,,,,,,,,,,,,,,,,,,,,,,,,,,,,,,,,,,,,,,,,,,,,,,,,,,,,,,,,,,,,,,,,,,,,,,,,,,,,,,,,,
Maguindanao,,,,,,,,,,,,,,,,,,,,,,,,,,,,,,,,,,,,,,,,,,,,,,,,,,,,,,,,,,,,,,,,,,,,,,,,,,,,,,,,,,,
Cotabato City,0.06567206097578544,0.643,0.643,0.643,0.8205939127708315,,0.082,0.08104483961628327,1.0,0.9972123314353983,0.9967995712260043,1.0,1.0,1.0,0.998065400198024,1.0,1.0,0.9973006923649927,1.0,0.810699791909101,0.9988688110749795,0.9992885634865497,0.9861371521322913,0.9942350829258544,0.6430000000000001,0.082,0.27339781902758103,,0.643,,,1.0,0.643,0.45723889335981804,0.36487966244062403,0.092,0.09385293499223432,0.1770259436357845,1.0,1.0,0.7148156038618445,1.0,0.09200000000000001,0.8229281187744398,,0.483749174899872,0.174,,,0.643,0.643,1.0,1.0,0.643,0.6430000000000001,0.644015552738147,,0.643,0.643,0.3050633454838301,0.643,,0.6680556599221112,0.6430000000000001,0.643,0.6669275769299309,0.643,0.643,0.643,,0.6430000000000001,0.6430000000000001,0.6430000000000001,0.643,0.643,0.643,0.643,0.6430000000000001,0.4578241545746485,0.4578459090902271,0.480360379490786,0.46285096959704713,1.0
Antique,0.039973669661356445,1.0,1.0,1.0,0.8224060872291685,,0.023,0.02395516038371673,0.643,0.6418839133169145,0.6417186583153474,0.643,0.6430000000000001,0.643,0.6414773301938821,0.6430000000000001,0.643,0.6419192899962219,0.643,0.567210702793589,0.6425471108325789,0.6427151652715802,0.6320889372295982,0.6406919253396017,1.0,0.023,0.12769707395404314,,1.0,,,0.643,1.0,0.2158077981957503,0.1431144111224684,0.014999999999999998,0.039879461585985515,0.148264151087408,0.643,0.643,0.4457579286621568,0.643,0.014999999999999998,0.5351705130067109,,0.2859454645783256,0.14,,,1.0,1.0,0.643,0.643,1.0,1.0,0.9989844472618531,,1.0,1.0,0.414763342534164,1.0,,0.9749443400778888,1.0,1.0,0.9760724230700693,1.0,1.0,1.0,,1.0,1.0,1.0,1.0,1.0,1.0,1.0,1.0,0.42593142568893594,0.42594013544928655,0.43495415559137507,0.42794398965585606,0.6430000000000001
Tarlac,0.06284212960471063,0.2158077981957503,0.2158077981957503,0.21580779819575027,0.3359105793014471,,0.10194939428715498,0.11183579849608942,0.45723889335981793,0.4562426819572462,0.4560951764638216,0.45723889335981793,0.457238893359818,0.45723889335981804,0.4579659552293917,0.45723889335981793,0.457238893359818,0.45627425894122564,0.457238893359818,0.38958988077489004,0.4568346475610606,0.4569846518133499,0.46244883294423117,0.45517872157430855,0.21580779819575033,0.10194939428715498,0.30688559143297567,,0.21580779819575036,,,0.45723889335981804,0.2158077981957503,0.661219532933261,0.6959300064047839,0.050037480982191254,0.11526526077358547,0.24817467292629733,0.457238893359818,0.457238893359818,0.32934518312246397,0.457238893359818,0.050037480982191254,0.40890760765978085,,0.2257212004943034,0.23178445241796614,,,0.2158077981957503,0.21580779819575033,0.457238893359818,0.45723889335981804,0.21580779819575033,0.21580779819575033,0.21649459374131808,,0.21580779819575033,0.21580779819575027,0.15989076509883524,0.21580779819575033,,0.2327523791902986,0.21580779819575033,0.21580779819575027,0.2319894819571388,0.21580779819575027,0.2158077981957503,0.2158077981957503,,0.21580779819575027,0.21580779819575033,0.21580779819575027,0.21580779819575033,0.2158077981957503,0.21580779819575033,0.21580779819575027,0.21580779819575033,0.2634849563709505,0.2634927306439584,0.2715385838779867,0.26528135731599883,0.45723889335981804
Pampanga,0.06236057283546363,0.14311441112246834,0.14311441112246834,0.14311441112246837,0.25343418338632845,,0.10534409352246123,0.11707535830723244,0.3648796624406241,0.36418829529399765,0.3640859270096782,0.364879662440624,0.36487966244062403,0.36487966244062403,0.3660596473769834,0.364879662440624,0.364879662440624,0.3642102096078234,0.36487966244062403,0.3179314899119835,0.3645991173036169,0.3647032197176419,0.3733351329943942,0.36344991059756027,0.14311441112246834,0.1053440935224612,0.3125840559447478,,0.14311441112246837,,,0.36487966244062403,0.14311441112246834,0.6959300064047839,0.7522633633642283,0.04289690672861605,0.11890890052072726,0.2602817340951184,0.364879662440624,0.364879662440624,0.2637514050016062,0.36487966244062403,0.042896906728616055,0.3384555883026322,,0.18181373369135412,0.24161737434092215,,,0.14311441112246834,0.1431144111224683,0.36487966244062403,0.36487966244062403,0.14311441112246834,0.14311441112246834,0.14374526352639555,,0.14311441112246837,0.14311441112246837,0.13518739613801967,0.14311441112246837,,0.15867876607924494,0.14311441112246834,0.14311441112246834,0.15797801087401067,0.1431144111224684,0.14311441112246837,0.14311441112246834,,0.14311441112246834,0.14311441112246837,0.14311441112246834,0.14311441112246834,0.14311441112246837,0.1431144111224684,0.14311441112246834,0.14311441112246837,0.2304151238719806,0.23042051918961373,0.23600431252727788,0.23166181969614896,0.36487966244062403
Mountain Province,0.04256221902140971,0.015,0.014999999999999998,0.015,0.053304569421159735,,0.011,0.0840697693543302,0.092,0.09165345253675884,0.09160214048147769,0.09200000000000001,0.09200000000000001,0.09200000000000001,0.09185043018007538,0.09200000000000001,0.09200000000000001,0.0916644370764525,0.09200000000000001,0.06846725018248423,0.09185937687952218,0.09191155816651805,0.09092822088728744,0.09128333754836947,0.015,0.011,0.07112062698355119,,0.015,,,0.09200000000000001,0.014999999999999998,0.05003748098219126,0.042896906728616055,1.0,0.060719842416128905,0.05679764151968095,0.09200000000000001,0.092,0.3771843961381554,0.09200000000000001,1.0,0.14988063914152697,,0.608250825100128,0.362,,,0.014999999999999998,0.014999999999999998,0.09200000000000001,0.092,0.014999999999999998,0.015,0.015219040786659154,,0.015,0.014999999999999998,0.10443616611529184,0.014999999999999998,,0.020404161943984776,0.014999999999999998,0.014999999999999998,0.020160849926063516,0.014999999999999998,0.014999999999999998,0.015,,0.015,0.014999999999999998,0.015,0.014999999999999998,0.014999999999999998,0.014999999999999998,0.014999999999999998,0.014999999999999998,0.02459971208606233,0.02460241648653647,0.0274012903206096,0.02522461779268592,0.09200000000000001
Kalinga,0.12375146558237057,0.039879461585985515,0.03987946158598552,0.03987946158598552,0.06672921040404753,,0.08786502954697582,0.11211906658995648,0.09385293499223431,0.0945374729095033,0.09463883001402353,0.09385293499223431,0.09385293499223431,0.09385293499223431,0.09392925638061249,0.09385293499223431,0.09385293499223432,0.09451577506224819,0.09385293499223431,0.1403373599452572,0.0941307089430561,0.09402763483832449,0.09439983456033005,0.09526856394370825,0.039879461585985515,0.08786502954697581,0.13383870831521708,,0.039879461585985515,,,0.09385293499223432,0.039879461585985515,0.11526526077358547,0.11890890052072728,0.060719842416128905,0.9592323067097929,0.1088205372851631,0.09385293499223432,0.0938529349922343,0.0834465021744962,0.09385293499223431,0.060719842416128905,0.11271068397859547,,0.07501484426477467,0.18182003939596775,,,0.039879461585985515,0.039879461585985515,0.09385293499223432,0.09385293499223431,0.039879461585985515,0.03987946158598551,0.04003299914538333,,0.039879461585985515,0.039879461585985515,0.09916593612675732,0.03987946158598552,,0.04366753159854037,0.03987946158598552,0.039879461585985515,0.04349698101764824,0.03987946158598551,0.039879461585985515,0.03987946158598552,,0.03987946158598552,0.03987946158598552,0.039879461585985515,0.039879461585985515,0.03987946158598551,0.03987946158598551,0.03987946158598552,0.039879461585985515,0.22698925138716683,0.22698390936373736,0.22145527196683978,0.22575487025247087,0.09385293499223431
Batanes,0.04672202373788175,0.148264151087408,0.14826415108740804,0.14826415108740804,0.1625720482217753,,0.06392311321280914,0.0870499339965406,0.17702594363578453,0.17727839971177337,0.177315779988651,0.17702594363578453,0.17702594363578453,0.1770259436357845,0.1772795438217822,0.17702594363578453,0.17702594363578453,0.17727039759350172,0.1770259436357845,0.1941692971625786,0.17712838605696718,0.1770903725541938,0.1788431777707813,0.177548024474741,0.14826415108740806,0.06392311321280915,0.42380634414166984,,0.14826415108740798,,,0.1770259436357845,0.148264151087408,0.24817467292629725,0.26028173409511834,0.05679764151968095,0.1088205372851631,0.9200317657653746,0.17702594363578453,0.17702594363578447,0.1392646707969115,0.17702594363578447,0.05679764151968095,0.17413373177389144,,0.10866915930998503,0.16353443396531056,,,0.14826415108740804,0.148264151087408,0.1770259436357845,0.1770259436357845,0.14826415108740804,0.14826415108740804,0.14834596934280442,,0.14826415108740804,0.14826415108740804,0.12670581061178054,0.148264151087408,,0.1502827664735213,0.148264151087408,0.14826415108740806,0.15019188219061244,0.14826415108740806,0.148264151087408,0.148264151087408,,0.148264151087408,0.148264151087408,0.148264151087408,0.14826415108740804,0.14826415108740804,0.148264151087408,0.14826415108740804,0.148264151087408,0.2261263238495881,0.22612435372311476,0.22408540442962013,0.2256710868062067,0.1770259436357845
Quirino,0.06567206097578544,0.6430000000000001,0.643,0.6430000000000001,0.8205939127708316,,0.082,0.08104483961628327,1.0,0.9972123314353982,0.9967995712260044,1.0,1.0,1.0,0.998065400198024,1.0,1.0,0.9973006923649927,1.0,0.810699791909101,0.9988688110749798,0.9992885634865496,0.9861371521322914,0.9942350829258546,0.643,0.08200000000000002,0.2733978190275811,,0.643,,,1.0,0.643,0.457238893359818,0.364879662440624,0.09199999999999998,0.09385293499223434,0.17702594363578453,1.0,1.0,0.7148156038618446,1.0,0.092,0.8229281187744398,,0.483749174899872,0.174,,,0.643,0.643,1.0,1.0,0.6430000000000001,0.643,0.644015552738147,,0.643,0.643,0.30506334548383013,0.643,,0.6680556599221112,0.643,0.643,0.6669275769299309,0.643,0.643,0.643,,0.643,0.643,0.643,0.643,0.643,0.6430000000000001,0.643,0.643,0.45782415457464837,0.4578459090902271,0.48036037949078597,0.4628509695970471,1.0
Nueva Vizcaya,0.06567206097578546,0.643,0.6430000000000001,0.643,0.8205939127708316,,0.082,0.08104483961628327,1.0,0.9972123314353982,0.9967995712260044,1.0,1.0,1.0,0.998065400198024,1.0,1.0,0.9973006923649926,1.0,0.810699791909101,0.9988688110749796,0.9992885634865496,0.9861371521322914,0.9942350829258544,0.6430000000000001,0.082,0.2733978190275811,,0.643,,,1.0,0.643,0.457238893359818,0.364879662440624,0.09199999999999998,0.0938529349922343,0.17702594363578447,1.0,1.0,0.7148156038618446,1.0,0.092,0.8229281187744397,,0.48374917489987196,0.174,,,0.643,0.6430000000000001,1.0,1.0,0.643,0.643,0.6440155527381469,,0.6430000000000001,0.6430000000000001,0.30506334548383013,0.643,,0.6680556599221111,0.643,0.6430000000000001,0.666927576929931,0.643,0.643,0.643,,0.643,0.6430000000000001,0.6430000000000001,0.643,0.6430000000000001,0.643,0.643,0.643,0.45782415457464837,0.45784590909022727,0.48036037949078614,0.462850969597047,1.0
La Union,0.0584137280213726,0.44575792866215674,0.4457579286621568,0.4457579286621568,0.5796038818827061,,0.059700339068492266,0.08199490873600272,0.7148156038618445,0.7127946419571456,0.7124954052869209,0.7148156038618446,0.7148156038618446,0.7148156038618446,0.7134416457972252,0.7148156038618445,0.7148156038618446,0.7128587005309809,0.7148156038618447,0.5775795945452316,0.7139955315786785,0.714299837350161,0.7049701714334038,0.7106362412437273,0.4457579286621568,0.059700339068492266,0.209866652876041,,0.4457579286621568,,,0.7148156038618445,0.44575792866215674,0.32934518312246397,0.2637514050016062,0.3771843961381554,0.08344650217449619,0.1392646707969115,0.7148156038618446,0.7148156038618446,0.6087724848177075,0.7148156038618444,0.3771843961381554,0.611537547131907,,0.5228526197573212,0.23304698950878108,,,0.4457579286621568,0.44575792866215674,0.7148156038618446,0.7148156038618446,0.4457579286621568,0.4457579286621568,0.4465233131405,,0.44575792866215674,0.44575792866215674,0.2420504148702641,0.4457579286621567,,0.46464145137710705,0.44575792866215685,0.44575792866215674,0.46379125701489865,0.4457579286621568,0.4457579286621568,0.4457579286621568,,0.44575792866215674,0.4457579286621568,0.44575792866215674,0.44575792866215674,0.44575792866215674,0.4457579286621568,0.44575792866215674,0.44575792866215674,0.3217571380290576,0.3217729092896007,0.3380951104155815,0.3254014025557798,0.7148156038618446
Isabela,0.06567206097578544,0.643,0.6429999999999999,0.643,0.8205939127708314,,0.082,0.08104483961628327,1.0,0.9972123314353982,0.9967995712260044,1.0,1.0,1.0,0.998065400198024,1.0,1.0,0.9973006923649929,1.0,0.810699791909101,0.9988688110749797,0.9992885634865496,0.9861371521322914,0.9942350829258545,0.643,0.08200000000000002,0.2733978190275811,,0.6429999999999999,,,1.0,0.643,0.457238893359818,0.36487966244062403,0.09200000000000001,0.09385293499223432,0.17702594363578447,1.0,1.0,0.7148156038618445,1.0,0.092,0.8229281187744398,,0.483749174899872,0.17399999999999996,,,0.643,0.643,1.0,1.0,0.643,0.643,0.6440155527381469,,0.6429999999999999,0.643,0.3050633454838301,0.643,,0.6680556599221112,0.643,0.6429999999999999,0.6669275769299309,0.6429999999999999,0.643,0.643,,0.643,0.643,0.643,0.6429999999999999,0.643,0.6429999999999999,0.643,0.643,0.4578241545746485,0.45784590909022727,0.480360379490786,0.46285096959704713,1.0
Ilocos Sur,0.0425622190214097,0.015000000000000001,0.015,0.015,0.05330456942115973,,0.011,0.08406976935433019,0.092,0.09165345253675883,0.09160214048147766,0.09199999999999998,0.09199999999999998,0.09199999999999998,0.09185043018007537,0.09199999999999998,0.09199999999999998,0.09166443707645248,0.092,0.06846725018248422,0.09185937687952213,0.09191155816651804,0.09092822088728741,0.09128333754836947,0.015000000000000001,0.011,0.07112062698355118,,0.015,,,0.09199999999999998,0.015,0.050037480982191254,0.042896906728616055,1.0,0.060719842416128905,0.05679764151968095,0.09199999999999998,0.09199999999999998,0.3771843961381554,0.09199999999999998,1.0,0.14988063914152694,,0.608250825100128,0.362,,,0.015000000000000001,0.015,0.09199999999999998,0.09199999999999998,0.014999999999999998,0.015,0.015219040786659154,,0.015,0.015,0.10443616611529187,0.014999999999999998,,0.02040416194398477,0.015,0.015,0.020160849926063516,0.014999999999999998,0.015,0.014999999999999998,,0.015,0.015,0.015,0.014999999999999998,0.014999999999999998,0.015,0.014999999999999998,0.015000000000000001,0.024599712086062327,0.02460241648653647,0.0274012903206096,0.02522461779268593,0.092
Ilocos Norte,0.0692316783593275,0.5351705130067109,0.5351705130067108,0.5351705130067109,0.6783189699754989,,0.08757369117659147,0.10269221797486353,0.8229281187744398,0.8207467903900789,0.8204238088232892,0.8229281187744397,0.8229281187744398,0.8229281187744398,0.8214523977085467,0.8229281187744398,0.8229281187744399,0.8208159321116743,0.8229281187744397,0.6748022180423907,0.8220429724763635,0.8223714253855032,0.8123534786805273,0.8184171172131349,0.5351705130067108,0.08757369117659149,0.26766600632032506,,0.5351705130067109,,,0.8229281187744398,0.5351705130067108,0.40890760765978085,0.33845558830263234,0.14988063914152697,0.11271068397859547,0.1741337317738914,0.8229281187744398,0.8229281187744397,0.611537547131907,0.8229281187744398,0.14988063914152694,0.7217750053957535,,0.44026147043517455,0.3510718812255602,,,0.5351705130067108,0.535170513006711,0.8229281187744397,0.8229281187744398,0.5351705130067109,0.5351705130067109,0.5359890929071593,,0.5351705130067108,0.5351705130067109,0.2855053724250405,0.5351705130067109,,0.5553664701779076,0.535170513006711,0.5351705130067108,0.5544571859736019,0.5351705130067109,0.5351705130067109,0.5351705130067109,,0.5351705130067109,0.5351705130067109,0.5351705130067108,0.535170513006711,0.5351705130067109,0.5351705130067109,0.5351705130067108,0.5351705130067108,0.398679850541017,0.398696873275686,0.41631426652221865,0.4026132931426683,0.8229281187744397
Cagayan,,,,,,,,,,,,,,,,,,,,,,,,,,,,,,,,,,,,,,,,,,,,,,,,,,,,,,,,,,,,,,,,,,,,,,,,,,,,,,,,,,,
Benguet,0.05253277135367087,0.28594546457832554,0.28594546457832565,0.2859454645783256,0.38434528215981445,,0.04163236940296356,0.08276468815498002,0.483749174899872,0.4823494256995288,0.48214216979387003,0.48374917489987196,0.483749174899872,0.48374917489987207,0.4828294684911367,0.483749174899872,0.48374917489987207,0.4823937936499057,0.483749174899872,0.38869741076093905,0.48318118026330004,0.48339194710620875,0.4771587937707968,0.48085448427307115,0.2859454645783256,0.04163236940296357,0.15839146738477553,,0.2859454645783256,,,0.483749174899872,0.2859454645783256,0.22572120049430336,0.18181373369135415,0.608250825100128,0.0750148442647747,0.10866915930998503,0.483749174899872,0.48374917489987196,0.5228526197573212,0.483749174899872,0.608250825100128,0.44026147043517455,,0.5545356062238915,0.28088893735553305,,,0.2859454645783256,0.2859454645783256,0.483749174899872,0.48374917489987207,0.2859454645783256,0.2859454645783256,0.28650815393303897,,0.2859454645783256,0.2859454645783256,0.19099512204052696,0.2859454645783256,,0.2998281046263605,0.2859454645783256,0.28594546457832565,0.29920306540674174,0.2859454645783256,0.2859454645783256,0.28594546457832554,,0.28594546457832554,0.28594546457832554,0.2859454645783256,0.28594546457832554,0.28594546457832554,0.2859454645783256,0.28594546457832554,0.2859454645783256,0.21151085513822163,0.2115217785550768,0.22282678530498648,0.21403492862286175,0.483749174899872
Apayao,0.08227686541145057,0.14,0.14,0.14,0.15691370597817442,,0.10799999999999998,0.18202492973804696,0.17400000000000002,0.17404077028979306,0.17404680700217906,0.17400000000000002,0.174,0.17400000000000002,0.174205964997929,0.174,0.17400000000000002,0.17403947799100558,0.174,0.17676855880206066,0.17401654389652677,0.17401040492158612,0.1754758925486534,0.17408431322960358,0.14,0.10799999999999998,0.24666021809724192,,0.14,,,0.17400000000000002,0.14,0.23178445241796616,0.24161737434092215,0.362,0.18182003939596775,0.16353443396531056,0.174,0.174,0.2330469895087811,0.174,0.36199999999999993,0.3510718812255602,,0.2808889373555331,1.0,,,0.14,0.14,0.174,0.174,0.13999999999999999,0.13999999999999999,0.14009671930839496,,0.14,0.13999999999999999,0.21382985524953624,0.14,,0.14238625332591537,0.14,0.13999999999999999,0.14227881685046959,0.14,0.14,0.14,,0.14,0.14,0.14,0.14,0.13999999999999999,0.14,0.14,0.13999999999999999,0.18192944563693386,0.18192912747217216,0.18159984819757533,0.1818559273185075,0.17400000000000002
Abra,,,,,,,,,,,,,,,,,,,,,,,,,,,,,,,,,,,,,,,,,,,,,,,,,,,,,,,,,,,,,,,,,,,,,,,,,,,,,,,,,,,
Sultan Kudarat,,,,,,,,,,,,,,,,,,,,,,,,,,,,,,,,,,,,,,,,,,,,,,,,,,,,,,,,,,,,,,,,,,,,,,,,,,,,,,,,,,,
South Cotabato,0.039973669661356445,1.0,1.0,1.0,0.8224060872291685,,0.022999999999999996,0.023955160383716735,0.643,0.6418839133169145,0.6417186583153471,0.643,0.643,0.643,0.6414773301938822,0.6430000000000001,0.643,0.6419192899962219,0.6430000000000001,0.5672107027935889,0.6425471108325786,0.6427151652715802,0.632088937229598,0.6406919253396017,1.0,0.023,0.12769707395404312,,1.0,,,0.643,1.0,0.2158077981957503,0.14311441112246834,0.014999999999999998,0.039879461585985515,0.14826415108740804,0.643,0.643,0.4457579286621569,0.6430000000000001,0.014999999999999998,0.5351705130067109,,0.2859454645783256,0.14,,,1.0,1.0,0.6430000000000001,0.643,1.0,1.0,0.998984447261853,,1.0,1.0,0.41476334253416397,1.0,,0.9749443400778888,1.0,1.0,0.9760724230700693,1.0,1.0,1.0,,1.0,1.0,1.0,1.0,1.0,1.0,1.0,1.0,0.42593142568893605,0.4259401354492866,0.434954155591375,0.42794398965585617,0.643
Negros Occidental,0.039973669661356445,1.0,1.0,1.0,0.8224060872291684,,0.023,0.023955160383716735,0.643,0.6418839133169144,0.6417186583153471,0.643,0.643,0.6430000000000001,0.6414773301938821,0.643,0.643,0.6419192899962219,0.643,0.5672107027935889,0.6425471108325786,0.6427151652715802,0.6320889372295981,0.6406919253396017,1.0,0.023,0.12769707395404312,,1.0,,,0.643,1.0,0.21580779819575033,0.1431144111224683,0.014999999999999998,0.03987946158598551,0.148264151087408,0.643,0.6430000000000001,0.44575792866215685,0.643,0.015,0.535170513006711,,0.2859454645783256,0.14,,,1.0,1.0,0.643,0.643,1.0,1.0,0.9989844472618531,,1.0,1.0,0.41476334253416397,1.0,,0.9749443400778888,1.0,1.0,0.9760724230700693,1.0,1.0,1.0,,1.0,1.0,1.0,1.0,1.0,1.0,1.0,1.0,0.425931425688936,0.4259401354492865,0.434954155591375,0.4279439896558561,0.643
Iloilo,0.06567206097578546,0.6430000000000001,0.643,0.643,0.8205939127708315,,0.082,0.08104483961628327,1.0,0.9972123314353982,0.9967995712260044,1.0,1.0,1.0,0.998065400198024,1.0,1.0,0.9973006923649929,1.0,0.8106997919091011,0.9988688110749795,0.9992885634865496,0.9861371521322915,0.9942350829258545,0.6430000000000001,0.082,0.2733978190275811,,0.6430000000000001,,,1.0,0.643,0.457238893359818,0.36487966244062403,0.092,0.09385293499223432,0.1770259436357845,1.0,1.0,0.7148156038618446,1.0,0.09199999999999998,0.8229281187744397,,0.483749174899872,0.174,,,0.6430000000000001,0.6430000000000001,1.0,1.0,0.6430000000000001,0.6430000000000001,0.644015552738147,,0.6430000000000001,0.6430000000000001,0.30506334548383013,0.6430000000000001,,0.6680556599221112,0.643,0.643,0.6669275769299309,0.6430000000000001,0.643,0.6430000000000001,,0.6430000000000001,0.6430000000000001,0.643,0.643,0.6430000000000001,0.643,0.643,0.643,0.4578241545746484,0.4578459090902271,0.480360379490786,0.462850969597047,1.0
Guimaras,0.06567206097578544,0.6429999999999999,0.6430000000000001,0.643,0.8205939127708314,,0.08200000000000002,0.08104483961628327,1.0,0.9972123314353982,0.9967995712260043,1.0,1.0,1.0,0.9980654001980241,1.0,1.0,0.9973006923649927,1.0,0.810699791909101,0.9988688110749797,0.9992885634865497,0.9861371521322914,0.9942350829258544,0.643,0.082,0.27339781902758115,,0.643,,,1.0,0.643,0.45723889335981793,0.36487966244062403,0.092,0.09385293499223431,0.1770259436357845,1.0,1.0,0.7148156038618446,1.0,0.092,0.8229281187744398,,0.48374917489987207,0.174,,,0.643,0.643,1.0,1.0,0.643,0.6430000000000001,0.6440155527381469,,0.643,0.643,0.30506334548383013,0.643,,0.6680556599221114,0.6429999999999999,0.6430000000000001,0.6669275769299309,0.643,0.6430000000000001,0.643,,0.643,0.643,0.643,0.643,0.643,0.643,0.643,0.643,0.4578241545746485,0.45784590909022715,0.48036037949078597,0.462850969597047,1.0
Cotabato,0.03997366966135644,1.0,1.0,1.0,0.8224060872291686,,0.022999999999999996,0.023955160383716735,0.643,0.6418839133169144,0.6417186583153472,0.643,0.643,0.643,0.6414773301938821,0.643,0.6430000000000001,0.641919289996222,0.643,0.5672107027935889,0.6425471108325788,0.6427151652715802,0.632088937229598,0.6406919253396017,1.0,0.022999999999999996,0.12769707395404312,,1.0,,,0.643,1.0,0.2158077981957503,0.1431144111224683,0.014999999999999998,0.039879461585985515,0.14826415108740804,0.643,0.6429999999999999,0.44575792866215685,0.643,0.014999999999999998,0.5351705130067109,,0.2859454645783256,0.13999999999999999,,,1.0,1.0,0.643,0.643,1.0,1.0,0.998984447261853,,1.0,1.0,0.41476334253416397,1.0,,0.9749443400778887,1.0,1.0,0.976072423070069,1.0,1.0,1.0,,1.0,1.0,1.0,1.0,1.0,1.0,1.0,1.0,0.42593142568893605,0.42594013544928655,0.434954155591375,0.42794398965585617,0.643
Sarangani,0.03997366966135644,1.0,1.0,1.0,0.8224060872291685,,0.023,0.023955160383716735,0.6429999999999999,0.6418839133169144,0.6417186583153471,0.6429999999999999,0.6429999999999999,0.643,0.6414773301938821,0.6429999999999999,0.643,0.6419192899962219,0.6429999999999999,0.5672107027935889,0.6425471108325789,0.6427151652715801,0.632088937229598,0.6406919253396016,1.0,0.023,0.12769707395404314,,1.0,,,0.643,1.0,0.21580779819575033,0.14311441112246834,0.015,0.03987946158598551,0.14826415108740804,0.643,0.643,0.4457579286621568,0.643,0.015,0.5351705130067109,,0.28594546457832554,0.13999999999999999,,,1.0,1.0,0.643,0.6429999999999999,1.0,1.0,0.998984447261853,,1.0,1.0,0.414763342534164,1.0,,0.9749443400778888,1.0,1.0,0.9760724230700691,1.0,1.0,1.0,,1.0,1.0,1.0,1.0,1.0,1.0,1.0,1.0,0.425931425688936,0.42594013544928655,0.43495415559137507,0.42794398965585617,0.643
Cebu,0.040046773503556274,0.9989844472618531,0.998984447261853,0.9989844472618529,0.822400932162689,,0.02316783644692065,0.024117562568771546,0.644015552738147,0.6428947109302525,0.6427287518541992,0.644015552738147,0.6440155527381471,0.644015552738147,0.6424917111207259,0.6440155527381469,0.6440155527381469,0.6429302383330906,0.644015552738147,0.5679033526847937,0.6435607340212127,0.6437295044617974,0.6330960930673586,0.6416976444481167,0.9989844472618531,0.02316783644692065,0.12811154675687084,,0.998984447261853,,,0.6440155527381469,0.9989844472618531,0.21649459374131805,0.14374526352639555,0.015219040786659154,0.04003299914538333,0.14834596934280442,0.644015552738147,0.6440155527381469,0.44652331314050003,0.6440155527381469,0.015219040786659154,0.5359890929071593,,0.28650815393303897,0.14009671930839496,,,0.998984447261853,0.9989844472618531,0.644015552738147,0.6440155527381469,0.998984447261853,0.998984447261853,0.9979746723800867,,0.998984447261853,0.9989844472618531,0.414451280538704,0.998984447261853,,0.9740713382867445,0.998984447261853,0.9989844472618529,0.9751930031961711,0.9989844472618531,0.9989844472618529,0.9989844472618531,,0.998984447261853,0.998984447261853,0.9989844472618532,0.9989844472618531,0.9989844472618531,0.998984447261853,0.9989844472618529,0.9989844472618531,0.42602215047366127,0.4260308973422382,0.43508332201997424,0.42804328903697586,0.644015552738147
Capiz,,,,,,,,,,,,,,,,,,,,,,,,,,,,,,,,,,,,,,,,,,,,,,,,,,,,,,,,,,,,,,,,,,,,,,,,,,,,,,,,,,,
Bohol,0.03997366966135643,1.0,1.0,1.0,0.8224060872291684,,0.023,0.02395516038371673,0.6430000000000001,0.6418839133169144,0.6417186583153472,0.643,0.6430000000000001,0.643,0.6414773301938821,0.6430000000000001,0.643,0.6419192899962219,0.643,0.567210702793589,0.6425471108325788,0.6427151652715802,0.632088937229598,0.6406919253396017,1.0,0.023000000000000003,0.12769707395404312,,1.0,,,0.643,1.0,0.21580779819575033,0.14311441112246837,0.015,0.039879461585985515,0.14826415108740804,0.643,0.643,0.4457579286621568,0.643,0.015,0.5351705130067109,,0.2859454645783256,0.14,,,1.0,1.0,0.6430000000000001,0.643,1.0,1.0,0.998984447261853,,1.0,1.0,0.414763342534164,1.0,,0.9749443400778888,1.0,1.0,0.976072423070069,1.0,1.0,1.0,,1.0,1.0,1.0,1.0,1.0,1.0,1.0,1.0,0.425931425688936,0.4259401354492866,0.43495415559137507,0.4279439896558562,0.643
Zamboanga Sibugay,0.039973669661356445,1.0,1.0,1.0,0.8224060872291685,,0.022999999999999996,0.02395516038371673,0.643,0.6418839133169146,0.6417186583153474,0.643,0.643,0.643,0.6414773301938822,0.6430000000000001,0.643,0.641919289996222,0.643,0.5672107027935889,0.6425471108325788,0.6427151652715802,0.6320889372295982,0.6406919253396017,1.0,0.023,0.12769707395404314,,1.0,,,0.643,1.0,0.2158077981957503,0.14311441112246837,0.015000000000000001,0.039879461585985515,0.14826415108740804,0.643,0.6430000000000001,0.4457579286621568,0.643,0.015000000000000001,0.5351705130067109,,0.2859454645783256,0.14,,,1.0,1.0,0.643,0.643,1.0,1.0,0.9989844472618531,,1.0,1.0,0.41476334253416397,1.0,,0.9749443400778887,1.0,1.0,0.9760724230700691,1.0,1.0,1.0,,1.0,1.0,1.0,1.0,1.0,1.0,1.0,1.0,0.425931425688936,0.42594013544928655,0.43495415559137507,0.4279439896558561,0.6430000000000001
Zamboanga del Sur,0.11709236797940566,0.414763342534164,0.41476334253416397,0.414763342534164,0.36019176912487133,,0.038606310865755625,0.3116056414670871,0.30506334548383013,0.30469977494922074,0.3046459423480642,0.30506334548383013,0.3050633454838301,0.3050633454838301,0.30454589712242547,0.30506334548383013,0.3050633454838301,0.3047112990704234,0.3050633454838301,0.28037462217891135,0.30491581468786816,0.30497055921905664,0.30135544274021275,0.3043114792077453,0.414763342534164,0.03860631086575562,0.14919801935378724,,0.414763342534164,,,0.3050633454838301,0.414763342534164,0.15989076509883524,0.1351873961380197,0.10443616611529186,0.09916593612675736,0.12670581061178054,0.30506334548383013,0.3050633454838301,0.2420504148702641,0.3050633454838301,0.10443616611529187,0.2855053724250405,,0.190995122040527,0.21382985524953624,,,0.41476334253416397,0.41476334253416397,0.3050633454838301,0.3050633454838301,0.41476334253416397,0.414763342534164,0.4144512805387041,,0.414763342534164,0.41476334253416397,0.532094777871988,0.4147633425341641,,0.40706416656903854,0.4147633425341639,0.414763342534164,0.40741080718784733,0.4147633425341641,0.414763342534164,0.414763342534164,,0.41476334253416397,0.4147633425341641,0.414763342534164,0.41476334253416397,0.41476334253416397,0.414763342534164,0.41476334253416397,0.41476334253416397,0.2343522270687392,0.23435506431451492,0.23729142416156418,0.23500782933375844,0.3050633454838301
Zamboanga del Norte,0.039973669661356445,1.0,1.0,1.0,0.8224060872291685,,0.023,0.023955160383716735,0.6430000000000001,0.6418839133169145,0.6417186583153472,0.643,0.643,0.6430000000000001,0.641477330193882,0.643,0.6430000000000001,0.6419192899962219,0.643,0.567210702793589,0.6425471108325788,0.6427151652715802,0.6320889372295981,0.6406919253396017,1.0,0.023,0.12769707395404314,,1.0,,,0.643,1.0,0.21580779819575033,0.14311441112246837,0.015,0.03987946158598552,0.148264151087408,0.643,0.643,0.4457579286621568,0.643,0.015000000000000001,0.5351705130067109,,0.28594546457832565,0.14,,,1.0,1.0,0.6430000000000001,0.643,1.0,1.0,0.998984447261853,,1.0,1.0,0.4147633425341641,1.0,,0.9749443400778888,1.0,1.0,0.9760724230700691,1.0,1.0,1.0,,1.0,1.0,1.0,1.0,1.0,1.0,1.0,1.0,0.42593142568893605,0.42594013544928655,0.43495415559137507,0.4279439896558561,0.6430000000000001
Surigao del Sur,,,,,,,,,,,,,,,,,,,,,,,,,,,,,,,,,,,,,,,,,,,,,,,,,,,,,,,,,,,,,,,,,,,,,,,,,,,,,,,,,,,
Southern Leyte,0.04177728353620144,0.9749443400778888,0.9749443400778888,0.9749443400778887,0.8222789017195113,,0.02714085135967664,0.027961937940897696,0.6680556599221112,0.6668222550677225,0.6666396291801154,0.6680556599221114,0.6680556599221112,0.6680556599221112,0.6665040792535621,0.6680556599221112,0.6680556599221112,0.666861350389485,0.6680556599221112,0.5842997218737651,0.6675551650178507,0.6677408846075631,0.6569374292985966,0.6655049705056256,0.974944340077889,0.027140851359676643,0.13792292358698655,,0.9749443400778888,,,0.6680556599221112,0.9749443400778888,0.23275237919029862,0.15867876607924494,0.020404161943984776,0.04366753159854038,0.1502827664735213,0.6680556599221112,0.6680556599221111,0.4646414513771071,0.6680556599221114,0.020404161943984773,0.5553664701779075,,0.2998281046263605,0.1423862533259154,,,0.9749443400778888,0.9749443400778888,0.6680556599221112,0.6680556599221114,0.9749443400778887,0.9749443400778888,0.9740713382867445,,0.9749443400778888,0.9749443400778887,0.40706416656903854,0.9749443400778888,,0.9534056890864917,0.9749443400778888,0.9749443400778888,0.9543754255026722,0.9749443400778887,0.9749443400778888,0.9749443400778889,,0.9749443400778888,0.9749443400778888,0.9749443400778888,0.9749443400778887,0.9749443400778888,0.9749443400778888,0.9749443400778888,0.9749443400778889,0.4281697824647021,0.42817940775712765,0.4381409424383522,0.43039389839063047,0.6680556599221114
Siquijor,0.039973669661356445,1.0,1.0,1.0,0.8224060872291684,,0.023000000000000003,0.02395516038371674,0.643,0.6418839133169144,0.6417186583153471,0.643,0.643,0.6429999999999999,0.6414773301938821,0.643,0.643,0.641919289996222,0.6429999999999999,0.5672107027935889,0.6425471108325786,0.64271516527158,0.632088937229598,0.6406919253396017,1.0,0.023000000000000003,0.12769707395404314,,1.0,,,0.643,1.0,0.21580779819575033,0.14311441112246834,0.015000000000000001,0.039879461585985515,0.14826415108740806,0.6429999999999999,0.643,0.44575792866215685,0.643,0.015000000000000001,0.535170513006711,,0.2859454645783256,0.14,,,1.0,1.0,0.643,0.6429999999999999,1.0,1.0,0.998984447261853,,1.0,1.0,0.4147633425341639,1.0,,0.9749443400778888,1.0,1.0,0.9760724230700691,1.0,1.0,1.0,,1.0,1.0,1.0,1.0,1.0,1.0,1.0,1.0,0.42593142568893605,0.4259401354492865,0.434954155591375,0.42794398965585606,0.643
Negros Oriental,0.03997366966135644,1.0,1.0,1.0,0.8224060872291685,,0.023,0.02395516038371673,0.6429999999999999,0.6418839133169144,0.6417186583153471,0.6429999999999999,0.643,0.6429999999999999,0.641477330193882,0.643,0.643,0.6419192899962219,0.643,0.5672107027935889,0.6425471108325786,0.6427151652715802,0.6320889372295981,0.6406919253396016,1.0,0.022999999999999996,0.12769707395404314,,1.0,,,0.6429999999999999,1.0,0.21580779819575027,0.14311441112246834,0.014999999999999998,0.039879461585985515,0.148264151087408,0.643,0.643,0.44575792866215685,0.6429999999999999,0.015,0.5351705130067108,,0.2859454645783256,0.13999999999999999,,,1.0,1.0,0.6429999999999999,0.6429999999999999,1.0,1.0,0.9989844472618529,,1.0,1.0,0.414763342534164,1.0,,0.9749443400778888,1.0,1.0,0.9760724230700691,1.0,1.0,1.0,,1.0,1.0,1.0,1.0,1.0,1.0,1.0,1.0,0.425931425688936,0.4259401354492866,0.43495415559137496,0.427943989655856,0.643
Misamis Oriental,0.041696079283629464,0.9760724230700693,0.9760724230700693,0.976072423070069,0.8222846280029433,,0.02695441747581491,0.027781540472630768,0.6669275769299308,0.6656994541010061,0.6655176103041982,0.6669275769299309,0.6669275769299309,0.6669275769299309,0.6653772979174666,0.6669275769299308,0.6669275769299309,0.66573838199803,0.666927576929931,0.5835303215930573,0.6664292253825894,0.6666141496328003,0.6558186736413315,0.6643878107771248,0.9760724230700691,0.026954417475814903,0.13746252433638298,,0.976072423070069,,,0.6669275769299309,0.9760724230700693,0.23198948195713884,0.1579780108740107,0.020160849926063516,0.04349698101764824,0.15019188219061244,0.6669275769299309,0.6669275769299308,0.4637912570148987,0.6669275769299309,0.020160849926063516,0.5544571859736018,,0.29920306540674174,0.14227881685046959,,,0.9760724230700693,0.9760724230700693,0.6669275769299308,0.6669275769299308,0.976072423070069,0.9760724230700691,0.9751930031961711,,0.976072423070069,0.9760724230700691,0.40741080718784733,0.9760724230700691,,0.9543754255026722,0.9760724230700691,0.9760724230700691,0.9553522911694816,0.9760724230700691,0.9760724230700693,0.9760724230700691,,0.9760724230700691,0.976072423070069,0.9760724230700691,0.9760724230700691,0.9760724230700691,0.9760724230700693,0.9760724230700693,0.9760724230700691,0.42806900474753073,0.42807858881988203,0.43799746347779195,0.4302835959525912,0.6669275769299309
Misamis Occidental,0.03997366966135644,1.0,1.0,1.0,0.8224060872291686,,0.022999999999999996,0.02395516038371674,0.643,0.6418839133169145,0.6417186583153471,0.643,0.643,0.643,0.641477330193882,0.643,0.643,0.641919289996222,0.643,0.5672107027935889,0.6425471108325786,0.6427151652715801,0.6320889372295981,0.6406919253396017,1.0,0.023000000000000003,0.12769707395404314,,1.0,,,0.643,1.0,0.21580779819575027,0.1431144111224684,0.015,0.03987946158598551,0.14826415108740806,0.6429999999999999,0.643,0.4457579286621568,0.643,0.015000000000000001,0.5351705130067109,,0.2859454645783256,0.14,,,1.0,1.0,0.643,0.643,1.0,1.0,0.9989844472618531,,1.0,1.0,0.4147633425341641,1.0,,0.9749443400778887,1.0,1.0,0.9760724230700691,1.0,1.0,1.0,,1.0,1.0,1.0,1.0,1.0,1.0,1.0,1.0,0.42593142568893605,0.42594013544928655,0.434954155591375,0.42794398965585617,0.643
Lanao del Norte,0.039973669661356445,1.0,1.0,1.0,0.8224060872291686,,0.022999999999999996,0.023955160383716735,0.643,0.6418839133169145,0.6417186583153472,0.643,0.643,0.6429999999999999,0.641477330193882,0.643,0.643,0.641919289996222,0.643,0.567210702793589,0.6425471108325789,0.6427151652715802,0.632088937229598,0.6406919253396016,1.0,0.023,0.12769707395404314,,1.0,,,0.643,1.0,0.2158077981957503,0.14311441112246837,0.014999999999999998,0.039879461585985515,0.148264151087408,0.6429999999999999,0.6429999999999999,0.4457579286621569,0.643,0.015000000000000001,0.535170513006711,,0.2859454645783256,0.14,,,1.0,1.0,0.643,0.6430000000000001,1.0,1.0,0.9989844472618529,,1.0,1.0,0.414763342534164,1.0,,0.9749443400778888,1.0,1.0,0.9760724230700693,1.0,1.0,1.0,,1.0,1.0,1.0,1.0,1.0,1.0,1.0,1.0,0.42593142568893605,0.4259401354492866,0.43495415559137507,0.42794398965585606,0.643
Dinagat Islands,0.03997366966135644,1.0,1.0,1.0,0.8224060872291685,,0.023000000000000003,0.023955160383716735,0.643,0.6418839133169144,0.6417186583153474,0.643,0.6430000000000001,0.643,0.6414773301938821,0.643,0.643,0.6419192899962219,0.643,0.567210702793589,0.6425471108325788,0.6427151652715802,0.6320889372295981,0.6406919253396017,1.0,0.022999999999999996,0.12769707395404314,,1.0,,,0.643,1.0,0.2158077981957503,0.14311441112246837,0.015,0.03987946158598552,0.148264151087408,0.643,0.643,0.44575792866215685,0.643,0.014999999999999998,0.535170513006711,,0.2859454645783256,0.14,,,1.0,1.0,0.6430000000000001,0.643,1.0,1.0,0.9989844472618531,,1.0,1.0,0.414763342534164,1.0,,0.9749443400778889,1.0,1.0,0.9760724230700691,1.0,1.0,1.0,,1.0,1.0,1.0,1.0,1.0,1.0,1.0,1.0,0.42593142568893605,0.4259401354492866,0.434954155591375,0.42794398965585617,0.643
Davao Oriental,,,,,,,,,,,,,,,,,,,,,,,,,,,,,,,,,,,,,,,,,,,,,,,,,,,,,,,,,,,,,,,,,,,,,,,,,,,,,,,,,,,
Davao del Sur,0.039973669661356445,1.0,1.0,1.0,0.8224060872291685,,0.022999999999999996,0.02395516038371673,0.643,0.6418839133169145,0.6417186583153471,0.643,0.643,0.643,0.6414773301938821,0.643,0.643,0.6419192899962219,0.6429999999999999,0.5672107027935889,0.6425471108325785,0.6427151652715802,0.6320889372295981,0.6406919253396017,1.0,0.023,0.12769707395404312,,1.0,,,0.6430000000000001,1.0,0.21580779819575027,0.14311441112246834,0.015,0.03987946158598552,0.148264151087408,0.643,0.6429999999999999,0.44575792866215685,0.643,0.015,0.5351705130067109,,0.28594546457832554,0.13999999999999999,,,1.0,1.0,0.643,0.643,1.0,1.0,0.998984447261853,,1.0,1.0,0.41476334253416397,1.0,,0.9749443400778888,1.0,1.0,0.9760724230700691,1.0,1.0,1.0,,1.0,1.0,1.0,1.0,1.0,1.0,1.0,1.0,0.42593142568893594,0.4259401354492865,0.434954155591375,0.427943989655856,0.643
Davao del Norte,0.039973669661356445,1.0,1.0,1.0,0.8224060872291684,,0.023,0.02395516038371673,0.643,0.6418839133169144,0.6417186583153472,0.6429999999999999,0.6429999999999999,0.6429999999999999,0.6414773301938821,0.643,0.643,0.6419192899962218,0.6429999999999999,0.5672107027935888,0.6425471108325786,0.6427151652715801,0.632088937229598,0.6406919253396017,1.0,0.023,0.12769707395404312,,1.0,,,0.643,1.0,0.21580779819575033,0.14311441112246837,0.014999999999999998,0.039879461585985515,0.148264151087408,0.643,0.6429999999999999,0.4457579286621568,0.643,0.014999999999999998,0.5351705130067109,,0.28594546457832554,0.14,,,1.0,1.0,0.643,0.643,1.0,1.0,0.998984447261853,,1.0,1.0,0.4147633425341641,1.0,,0.9749443400778888,1.0,1.0,0.976072423070069,1.0,1.0,1.0,,1.0,1.0,1.0,1.0,1.0,1.0,1.0,1.0,0.425931425688936,0.4259401354492865,0.434954155591375,0.4279439896558561,0.643
Compostela Valley,0.03997366966135644,1.0,1.0,1.0,0.8224060872291686,,0.023,0.023955160383716735,0.6429999999999999,0.6418839133169145,0.6417186583153472,0.643,0.643,0.643,0.6414773301938821,0.643,0.643,0.641919289996222,0.643,0.567210702793589,0.6425471108325788,0.6427151652715802,0.6320889372295981,0.6406919253396016,1.0,0.023000000000000003,0.12769707395404312,,1.0,,,0.643,1.0,0.21580779819575027,0.14311441112246834,0.015,0.039879461585985515,0.148264151087408,0.6429999999999999,0.6430000000000001,0.44575792866215685,0.6430000000000001,0.015,0.5351705130067108,,0.2859454645783256,0.14,,,1.0,1.0,0.6429999999999999,0.6429999999999999,1.0,1.0,0.9989844472618532,,1.0,1.0,0.414763342534164,1.0,,0.9749443400778888,1.0,1.0,0.9760724230700691,1.0,1.0,1.0,,1.0,1.0,1.0,1.0,1.0,1.0,1.0,1.0,0.42593142568893605,0.4259401354492866,0.434954155591375,0.4279439896558561,0.643
Camiguin,0.03997366966135644,1.0,1.0,1.0,0.8224060872291685,,0.023,0.02395516038371673,0.6429999999999999,0.6418839133169144,0.6417186583153472,0.6429999999999999,0.643,0.6429999999999999,0.641477330193882,0.6429999999999999,0.643,0.6419192899962219,0.6429999999999999,0.5672107027935889,0.6425471108325786,0.6427151652715802,0.6320889372295981,0.6406919253396017,1.0,0.022999999999999996,0.12769707395404312,,1.0,,,0.6429999999999999,1.0,0.2158077981957503,0.14311441112246834,0.014999999999999998,0.039879461585985515,0.148264151087408,0.6429999999999999,0.643,0.44575792866215674,0.6429999999999999,0.014999999999999998,0.5351705130067109,,0.2859454645783255,0.14,,,1.0,1.0,0.6429999999999999,0.6429999999999999,1.0,1.0,0.9989844472618531,,1.0,1.0,0.41476334253416397,1.0,,0.9749443400778887,1.0,1.0,0.9760724230700691,1.0,1.0,1.0,,1.0,1.0,1.0,1.0,1.0,1.0,1.0,1.0,0.425931425688936,0.4259401354492866,0.434954155591375,0.42794398965585617,0.6429999999999999
Bukidnon,0.03997366966135645,1.0,1.0,1.0,0.8224060872291686,,0.023000000000000003,0.02395516038371673,0.643,0.6418839133169144,0.6417186583153472,0.643,0.6429999999999999,0.643,0.6414773301938821,0.643,0.6430000000000001,0.6419192899962219,0.6430000000000001,0.5672107027935889,0.6425471108325786,0.6427151652715801,0.6320889372295981,0.6406919253396017,1.0,0.023,0.12769707395404312,,1.0,,,0.643,1.0,0.21580779819575033,0.14311441112246837,0.015000000000000001,0.03987946158598551,0.14826415108740804,0.643,0.6430000000000001,0.44575792866215685,0.643,0.015000000000000001,0.535170513006711,,0.28594546457832554,0.13999999999999999,,,1.0,1.0,0.6430000000000001,0.643,1.0,1.0,0.9989844472618531,,1.0,1.0,0.41476334253416397,1.0,,0.9749443400778888,1.0,1.0,0.9760724230700691,1.0,1.0,1.0,,1.0,1.0,1.0,1.0,1.0,1.0,1.0,1.0,0.425931425688936,0.4259401354492866,0.43495415559137507,0.42794398965585617,0.643
Biliran,0.03997366966135644,1.0,1.0,1.0,0.8224060872291686,,0.023,0.02395516038371674,0.643,0.6418839133169144,0.6417186583153471,0.643,0.6429999999999999,0.6429999999999999,0.641477330193882,0.6429999999999999,0.6429999999999999,0.6419192899962219,0.643,0.567210702793589,0.6425471108325788,0.6427151652715801,0.6320889372295981,0.6406919253396017,1.0,0.023,0.12769707395404314,,1.0,,,0.643,1.0,0.21580779819575027,0.14311441112246837,0.015000000000000001,0.03987946158598551,0.148264151087408,0.643,0.643,0.4457579286621568,0.6429999999999999,0.015000000000000001,0.5351705130067108,,0.2859454645783256,0.14000000000000004,,,1.0,1.0,0.643,0.643,1.0,1.0,0.998984447261853,,1.0,1.0,0.414763342534164,1.0,,0.9749443400778888,1.0,1.0,0.9760724230700691,1.0,1.0,1.0,,1.0,1.0,1.0,1.0,1.0,1.0,1.0,1.0,0.42593142568893605,0.4259401354492866,0.4349541555913751,0.42794398965585606,0.643
Agusan del Sur,0.039973669661356445,1.0,1.0,1.0,0.8224060872291684,,0.023000000000000003,0.02395516038371674,0.6430000000000001,0.6418839133169145,0.6417186583153472,0.643,0.6429999999999999,0.643,0.641477330193882,0.643,0.643,0.6419192899962219,0.643,0.567210702793589,0.6425471108325786,0.6427151652715803,0.6320889372295981,0.6406919253396017,1.0,0.023,0.12769707395404314,,1.0,,,0.643,1.0,0.21580779819575027,0.14311441112246834,0.014999999999999998,0.03987946158598552,0.148264151087408,0.643,0.643,0.4457579286621568,0.643,0.014999999999999998,0.5351705130067109,,0.28594546457832554,0.14000000000000004,,,1.0,1.0,0.643,0.643,1.0,1.0,0.9989844472618529,,1.0,1.0,0.41476334253416397,1.0,,0.9749443400778888,1.0,1.0,0.9760724230700693,1.0,1.0,1.0,,1.0,1.0,1.0,1.0,1.0,1.0,1.0,1.0,0.425931425688936,0.42594013544928655,0.43495415559137507,0.42794398965585617,0.643
Agusan del Norte,0.03997366966135644,1.0,1.0,1.0,0.8224060872291686,,0.023,0.02395516038371673,0.643,0.6418839133169145,0.6417186583153472,0.643,0.643,0.6430000000000001,0.6414773301938821,0.643,0.6430000000000001,0.641919289996222,0.643,0.567210702793589,0.6425471108325786,0.6427151652715803,0.6320889372295982,0.6406919253396018,1.0,0.023,0.12769707395404314,,1.0,,,0.6430000000000001,1.0,0.21580779819575033,0.14311441112246837,0.015,0.039879461585985515,0.148264151087408,0.6430000000000001,0.643,0.4457579286621569,0.643,0.015000000000000001,0.5351705130067109,,0.2859454645783256,0.14,,,1.0,1.0,0.643,0.643,1.0,1.0,0.9989844472618531,,1.0,1.0,0.41476334253416397,1.0,,0.9749443400778889,1.0,1.0,0.9760724230700691,1.0,1.0,1.0,,1.0,1.0,1.0,1.0,1.0,1.0,1.0,1.0,0.425931425688936,0.42594013544928655,0.43495415559137507,0.427943989655856,0.643
Sorsogon,0.08288753057659448,0.42593142568893605,0.425931425688936,0.425931425688936,0.44179684448936446,,0.12362958959390269,0.11557390514402839,0.4578241545746485,0.4605626525942464,0.4609681322952222,0.4578241545746484,0.4578241545746484,0.4578241545746485,0.45713145834096225,0.45782415457464853,0.4578241545746485,0.4604758502269288,0.4578241545746484,0.6437853737630114,0.45893539092114066,0.45852304235058156,0.4528604703561764,0.4634873866357201,0.42593142568893605,0.12362958959390268,0.2535696206602276,,0.42593142568893605,,,0.4578241545746485,0.42593142568893594,0.2634849563709505,0.2304151238719806,0.02459971208606233,0.22698925138716677,0.2261263238495881,0.4578241545746484,0.4578241545746484,0.32175713802905764,0.4578241545746485,0.024599712086062334,0.39867985054101707,,0.2115108551382217,0.18192944563693386,,,0.42593142568893605,0.425931425688936,0.4578241545746484,0.4578241545746485,0.42593142568893605,0.425931425688936,0.42602215047366127,,0.425931425688936,0.425931425688936,0.23435222706873915,0.42593142568893605,,0.4281697824647021,0.42593142568893605,0.425931425688936,0.42806900474753073,0.42593142568893605,0.42593142568893605,0.42593142568893605,,0.42593142568893605,0.425931425688936,0.425931425688936,0.425931425688936,0.425931425688936,0.42593142568893605,0.425931425688936,0.425931425688936,0.9904367821390399,0.9904154113424588,0.9682980644716207,0.9854986330496806,0.4578241545746485
Catanduanes,0.08288683981509191,0.42594013544928655,0.4259401354492866,0.4259401354492866,0.4418120435189647,,0.12362791922890394,0.11557251968375702,0.4578459090902272,0.46058418537534906,0.4609896322448864,0.4578459090902272,0.45784590909022715,0.45784590909022727,0.457153163025825,0.4578459090902272,0.4578459090902272,0.46049739003636486,0.45784590909022715,0.6437920711146925,0.4589570554606057,0.45854474027765324,0.4528818677975773,0.46350868260293204,0.42594013544928655,0.12362791922890393,0.2535704162560733,,0.42594013544928655,,,0.4578459090902271,0.4259401354492866,0.26349273064395834,0.23042051918961373,0.02460241648653647,0.22698390936373733,0.22612435372311476,0.45784590909022715,0.45784590909022727,0.3217729092896006,0.45784590909022727,0.02460241648653647,0.398696873275686,,0.2115217785550768,0.18192912747217216,,,0.4259401354492866,0.4259401354492866,0.45784590909022715,0.4578459090902271,0.42594013544928655,0.42594013544928655,0.4260308973422383,,0.4259401354492865,0.42594013544928655,0.23435506431451492,0.42594013544928655,,0.42817940775712765,0.4259401354492865,0.4259401354492866,0.42807858881988203,0.4259401354492866,0.4259401354492866,0.4259401354492866,,0.4259401354492866,0.42594013544928655,0.4259401354492866,0.4259401354492866,0.4259401354492866,0.4259401354492866,0.42594013544928655,0.42594013544928655,0.9904154113424588,0.9903940422762577,0.9682784862331969,0.9854776620919502,0.4578459090902272
Camarines Sur,0.08217194780352498,0.43495415559137496,0.43495415559137496,0.43495415559137507,0.4575420238447219,,0.12189920303727053,0.11413866085300536,0.48036037949078614,0.48286917540521584,0.48324064392917027,0.4803603794907861,0.480360379490786,0.480360379490786,0.47961606196416456,0.48036037949078614,0.48036037949078597,0.48278965392193157,0.4803603794907861,0.6507233827149509,0.48137840659399894,0.4810006453534444,0.47502679027699385,0.48554858607541956,0.434954155591375,0.12189920303727055,0.25439380480981455,,0.43495415559137507,,,0.480360379490786,0.4349541555913751,0.27153858387798674,0.23600431252727783,0.0274012903206096,0.22145527196683978,0.2240854044296201,0.48036037949078597,0.48036037949078614,0.3380951104155815,0.480360379490786,0.0274012903206096,0.41631426652221865,,0.22282678530498648,0.18159984819757535,,,0.434954155591375,0.43495415559137507,0.480360379490786,0.48036037949078597,0.434954155591375,0.43495415559137507,0.43508332201997424,,0.43495415559137507,0.43495415559137507,0.23729142416156415,0.434954155591375,,0.4381409424383522,0.43495415559137507,0.434954155591375,0.43799746347779206,0.434954155591375,0.43495415559137496,0.434954155591375,,0.434954155591375,0.43495415559137507,0.434954155591375,0.434954155591375,0.43495415559137507,0.4349541555913751,0.43495415559137507,0.43495415559137507,0.9682980644716207,0.9682784862331969,0.9480163173104933,0.9637741217221392,0.4803603794907861
Albay,0.08272791634453827,0.4279439896558561,0.42794398965585606,0.4279439896558561,0.4453088836356012,,0.12324361842216457,0.11525376689595117,0.4628509695970471,0.4655382314403453,0.4659361247821941,0.4628509695970471,0.4628509695970471,0.4628509695970471,0.46214675898188085,0.4628509695970471,0.4628509695970471,0.4654530531097672,0.46285096959704713,0.645332930541262,0.4639414151666418,0.46353678146894634,0.4578047762629509,0.46840824490582916,0.42794398965585606,0.12324361842216458,0.25375345895966694,,0.42794398965585606,,,0.46285096959704713,0.42794398965585606,0.2652813573159988,0.23166181969614894,0.02522461779268592,0.22575487025247082,0.2256710868062067,0.46285096959704713,0.4628509695970471,0.3254014025557798,0.46285096959704713,0.02522461779268592,0.40261329314266836,,0.21403492862286175,0.1818559273185075,,,0.4279439896558561,0.4279439896558561,0.4628509695970471,0.462850969597047,0.4279439896558561,0.42794398965585606,0.4280432890369758,,0.4279439896558561,0.42794398965585606,0.23500782933375838,0.4279439896558561,,0.4303938983906304,0.42794398965585606,0.427943989655856,0.4302835959525911,0.42794398965585617,0.42794398965585606,0.4279439896558561,,0.4279439896558561,0.4279439896558561,0.427943989655856,0.4279439896558561,0.42794398965585606,0.42794398965585606,0.42794398965585617,0.42794398965585606,0.9854986330496806,0.9854776620919502,0.9637741217221392,0.9806528747071926,0.462850969597047
Aklan,0.06567206097578543,0.643,0.643,0.643,0.8205939127708315,,0.082,0.08104483961628325,1.0,0.9972123314353981,0.9967995712260043,1.0,1.0,1.0,0.998065400198024,1.0,1.0,0.9973006923649927,1.0,0.810699791909101,0.9988688110749797,0.9992885634865496,0.9861371521322913,0.9942350829258545,0.643,0.082,0.2733978190275811,,0.6429999999999999,,,1.0,0.643,0.457238893359818,0.36487966244062403,0.092,0.09385293499223432,0.17702594363578447,1.0,1.0,0.7148156038618446,1.0,0.092,0.8229281187744397,,0.483749174899872,0.174,,,0.6429999999999999,0.643,1.0,1.0,0.643,0.643,0.644015552738147,,0.643,0.643,0.3050633454838301,0.6430000000000001,,0.6680556599221112,0.643,0.643,0.6669275769299309,0.643,0.643,0.643,,0.643,0.643,0.643,0.643,0.6429999999999999,0.643,0.643,0.6429999999999999,0.45782415457464853,0.4578459090902272,0.480360379490786,0.462850969597047,1.0
